{"frame_id": 1782, "walking": "1", "video_id": "VID_20161007_131547_reduced", "bbs": [{"right": 0.145369, "bottom": 0.486878, "top": 0.191082, "recognized": false, "bb_big_enough": false, "class": "artwork", "left": 0.001762}, {"right": 0.842817, "bottom": 0.580239, "top": 0.419676, "recognized": false, "bb_big_enough": false, "class": "artwork", "left": 0.743305}, {"bottom": 0.693148, "top": 0.504313, "right": 0.542206, "class": "person", "left": 0.459868}, {"bottom": 0.770261, "top": 0.457645, "right": 0.668055, "class": "person", "left": 0.518995}], "p_voice": "0"}