{"frame_id": 1778, "walking": "1", "video_id": "VID_20161007_131547_reduced", "bbs": [{"right": 0.147371, "bottom": 0.49158, "top": 0.192584, "recognized": false, "bb_big_enough": false, "class": "artwork", "left": 0.002766}, {"right": 0.834179, "bottom": 0.578548, "top": 0.419551, "recognized": false, "bb_big_enough": false, "class": "artwork", "left": 0.737795}, {"bottom": 0.697138, "top": 0.501528, "right": 0.549143, "class": "person", "left": 0.464426}, {"bottom": 0.769773, "top": 0.456652, "right": 0.668352, "class": "person", "left": 0.520947}], "p_voice": "0"}