{"frame_id": 6096, "walking": "1", "video_id": "VID_20161007_131547_reduced", "bbs": [{"artwork_id": "san_giorgio_donatello", "right": 0.198675, "bottom": 0.519095, "top": 0.113863, "confidence": 62, "recognized": true, "bb_big_enough": true, "class": "artwork", "left": 0.015379}, {"bottom": 0.817718, "top": 0.484851, "right": 0.174288, "class": "person", "left": 0.033648}, {"bottom": 0.828016, "top": 0.467601, "right": 0.309926, "class": "person", "left": 0.109915}, {"bottom": 0.855762, "top": 0.457085, "right": 0.446113, "class": "person", "left": 0.198757}], "p_voice": "0"}