{"frame_id": 1932, "walking": "1", "video_id": "VID_20161007_131547_reduced", "bbs": [{"right": 0.658998, "bottom": 0.555926, "top": 0.261988, "recognized": false, "bb_big_enough": true, "class": "artwork", "left": 0.443588}, {"right": 0.729277, "bottom": 0.589799, "top": 0.359104, "recognized": false, "bb_big_enough": false, "class": "artwork", "left": 0.536493}, {"bottom": 0.634553, "top": 0.463494, "right": 0.824421, "class": "person", "left": 0.713092}, {"bottom": 0.950357, "top": 0.366693, "right": 0.434089, "class": "person", "left": 0.11455}], "p_voice": "0"}