{"frame_id": 1754, "walking": "1", "video_id": "VID_20161007_131547_reduced", "bbs": [{"right": 0.156677, "bottom": 0.52871, "top": 0.209372, "recognized": false, "bb_big_enough": false, "class": "artwork", "left": 0.004086}, {"bottom": 0.725512, "top": 0.511347, "right": 0.564643, "class": "person", "left": 0.457469}, {"bottom": 0.773283, "top": 0.490169, "right": 0.609537, "class": "person", "left": 0.489465}], "p_voice": "0"}