{"frame_id": 1755, "walking": "1", "video_id": "VID_20161007_131547_reduced", "bbs": [{"right": 0.15828, "bottom": 0.529579, "top": 0.213269, "recognized": false, "bb_big_enough": false, "class": "artwork", "left": 0.004886}, {"bottom": 0.723043, "top": 0.515074, "right": 0.563611, "class": "person", "left": 0.457876}, {"bottom": 0.774017, "top": 0.491543, "right": 0.606099, "class": "person", "left": 0.487836}], "p_voice": "0"}