{"frame_id": 5225, "walking": "1", "video_id": "VID_20161007_131547_reduced", "bbs": [{"bottom": 0.619119, "top": 0.481297, "right": 0.126631, "class": "person", "left": 0.0519}, {"bottom": 0.627852, "top": 0.465515, "right": 0.077156, "class": "person", "left": 0.00669}, {"bottom": 0.610915, "top": 0.46968, "right": 0.263065, "class": "person", "left": 0.17525}, {"bottom": 0.620924, "top": 0.475546, "right": 0.21747, "class": "person", "left": 0.136866}], "p_voice": "0"}