{"frame_id": 1935, "walking": "1", "video_id": "VID_20161007_131547_reduced", "bbs": [{"right": 0.655194, "bottom": 0.560888, "top": 0.255629, "recognized": false, "bb_big_enough": true, "class": "artwork", "left": 0.437153}, {"right": 0.729404, "bottom": 0.589387, "top": 0.364482, "recognized": false, "bb_big_enough": false, "class": "artwork", "left": 0.556512}, {"bottom": 0.639023, "top": 0.461394, "right": 0.816659, "class": "person", "left": 0.708459}, {"bottom": 0.9604, "top": 0.362332, "right": 0.43365, "class": "person", "left": 0.101472}], "p_voice": "0"}