{"frame_id": 1893, "walking": "1", "video_id": "VID_20161007_131547_reduced", "bbs": [{"right": 0.646371, "bottom": 0.602453, "top": 0.314391, "recognized": false, "bb_big_enough": true, "class": "artwork", "left": 0.447997}, {"right": 0.702513, "bottom": 0.58731, "top": 0.39997, "recognized": false, "bb_big_enough": false, "class": "artwork", "left": 0.575703}, {"bottom": 0.922146, "top": 0.405897, "right": 0.448227, "class": "person", "left": 0.145367}, {"bottom": 0.683705, "top": 0.495835, "right": 0.804431, "class": "person", "left": 0.713673}], "p_voice": "0"}