{"frame_id": 77, "walking": "1", "video_id": "VID_20161007_131547_reduced", "bbs": [{"right": 0.351146, "bottom": 0.408222, "top": 0.224658, "recognized": false, "bb_big_enough": false, "class": "artwork", "left": 0.194751}, {"right": 0.601521, "bottom": 0.495544, "top": 0.288428, "recognized": false, "bb_big_enough": false, "class": "artwork", "left": 0.429426}, {"bottom": 0.535692, "top": 0.40276, "right": 0.086345, "class": "person", "left": 0.007903}, {"bottom": 0.600047, "top": 0.339388, "right": 0.602192, "class": "person", "left": 0.407012}], "p_voice": "0"}