{"frame_id": 1767, "walking": "1", "video_id": "VID_20161007_131547_reduced", "bbs": [{"right": 0.142237, "bottom": 0.508381, "top": 0.21135, "recognized": false, "bb_big_enough": false, "class": "artwork", "left": 0.003769}, {"bottom": 0.71472, "top": 0.511153, "right": 0.557165, "class": "person", "left": 0.460636}, {"bottom": 0.774869, "top": 0.482678, "right": 0.61361, "class": "person", "left": 0.495308}], "p_voice": "0"}