{"frame_id": 1757, "walking": "1", "video_id": "VID_20161007_131547_reduced", "bbs": [{"right": 0.154138, "bottom": 0.531129, "top": 0.216564, "recognized": false, "bb_big_enough": false, "class": "artwork", "left": 0.003187}, {"bottom": 0.725298, "top": 0.516335, "right": 0.561852, "class": "person", "left": 0.455869}, {"bottom": 0.778269, "top": 0.490717, "right": 0.609832, "class": "person", "left": 0.487654}], "p_voice": "0"}