{"frame_id": 1882, "walking": "1", "video_id": "VID_20161007_131547_reduced", "bbs": [{"right": 0.694446, "bottom": 0.592128, "top": 0.421028, "recognized": false, "bb_big_enough": false, "class": "artwork", "left": 0.589464}, {"bottom": 0.876776, "top": 0.421248, "right": 0.451053, "class": "person", "left": 0.18174}, {"bottom": 0.68636, "top": 0.491618, "right": 0.79642, "class": "person", "left": 0.700578}], "p_voice": "0"}