{"frame_id": 1891, "walking": "1", "video_id": "VID_20161007_131547_reduced", "bbs": [{"right": 0.638368, "bottom": 0.605568, "top": 0.318455, "recognized": false, "bb_big_enough": true, "class": "artwork", "left": 0.446473}, {"right": 0.703397, "bottom": 0.591981, "top": 0.409491, "recognized": false, "bb_big_enough": false, "class": "artwork", "left": 0.588766}, {"bottom": 0.910148, "top": 0.4074, "right": 0.454717, "class": "person", "left": 0.160159}, {"bottom": 0.680578, "top": 0.492193, "right": 0.798896, "class": "person", "left": 0.709512}], "p_voice": "0"}