{"frame_id": 224, "walking": "1", "video_id": "VID_20161007_131547_reduced", "bbs": [{"artwork_id": "marzocco", "right": 0.694504, "bottom": 0.527569, "top": 0.099423, "confidence": 93, "recognized": true, "bb_big_enough": true, "class": "artwork", "left": 0.351536}, {"bottom": 0.592086, "top": 0.407125, "right": 0.124808, "class": "person", "left": 0.025304}, {"bottom": 0.595592, "top": 0.402038, "right": 0.070423, "class": "person", "left": 0.006661}, {"bottom": 0.620773, "top": 0.410548, "right": 0.316843, "class": "person", "left": 0.158827}], "p_voice": "0"}