{"frame_id": 5182, "walking": "1", "video_id": "VID_20161007_131547_reduced", "bbs": [{"bottom": 0.709709, "top": 0.502922, "right": 0.351259, "class": "person", "left": 0.192811}, {"bottom": 0.671739, "top": 0.514958, "right": 0.622756, "class": "person", "left": 0.487842}, {"bottom": 0.699179, "top": 0.506146, "right": 0.691593, "class": "person", "left": 0.535267}], "p_voice": "0"}