{"frame_id": 1777, "walking": "1", "video_id": "VID_20161007_131547_reduced", "bbs": [{"right": 0.148556, "bottom": 0.493002, "top": 0.191803, "recognized": false, "bb_big_enough": false, "class": "artwork", "left": 0.002412}, {"right": 0.835745, "bottom": 0.579032, "top": 0.419728, "recognized": false, "bb_big_enough": false, "class": "artwork", "left": 0.737821}, {"bottom": 0.696933, "top": 0.500975, "right": 0.549077, "class": "person", "left": 0.464092}, {"bottom": 0.767168, "top": 0.456529, "right": 0.666488, "class": "person", "left": 0.519395}], "p_voice": "0"}