{"frame_id": 1925, "walking": "1", "video_id": "VID_20161007_131547_reduced", "bbs": [{"right": 0.727033, "bottom": 0.587756, "top": 0.34327, "recognized": false, "bb_big_enough": false, "class": "artwork", "left": 0.526688}, {"bottom": 0.642317, "top": 0.452211, "right": 0.829797, "class": "person", "left": 0.712994}, {"bottom": 0.977402, "top": 0.350107, "right": 0.498927, "class": "person", "left": 0.106931}], "p_voice": "0"}