{"frame_id": 6168, "walking": "1", "video_id": "VID_20161007_131547_reduced", "bbs": [{"bottom": 0.759244, "top": 0.499533, "right": 0.119768, "class": "person", "left": 0.023999}, {"bottom": 0.735048, "top": 0.512359, "right": 0.653784, "class": "person", "left": 0.444674}, {"bottom": 0.753051, "top": 0.544508, "right": 0.880371, "class": "person", "left": 0.74933}], "p_voice": "0"}