{"frame_id": 201, "walking": "1", "video_id": "VID_20161007_131547_reduced", "bbs": [{"artwork_id": "marzocco", "right": 0.708517, "bottom": 0.495666, "top": 0.110942, "confidence": 70, "recognized": true, "bb_big_enough": true, "class": "artwork", "left": 0.415786}, {"bottom": 0.558071, "top": 0.40233, "right": 0.134101, "class": "person", "left": 0.042789}, {"bottom": 0.569223, "top": 0.398922, "right": 0.090764, "class": "person", "left": 0.007583}, {"bottom": 0.568551, "top": 0.411708, "right": 0.273717, "class": "person", "left": 0.164164}], "p_voice": "0"}