{"frame_id": 1711, "walking": "0", "video_id": "VID_20161007_131547_reduced", "bbs": [{"bottom": 0.775681, "top": 0.544839, "right": 0.17889, "class": "person", "left": 0.068276}, {"bottom": 0.797171, "top": 0.564036, "right": 0.301789, "class": "person", "left": 0.168636}, {"right": 0.702847, "bottom": 0.95775, "top": 0.604353, "recognized": false, "bb_big_enough": true, "class": "artwork", "left": 0.385367}], "p_voice": "0"}