{"frame_id": 119, "walking": "1", "video_id": "VID_20161007_131547_reduced", "bbs": [{"right": 0.571171, "bottom": 0.446379, "top": 0.180664, "recognized": false, "bb_big_enough": true, "class": "artwork", "left": 0.335526}, {"right": 0.787113, "bottom": 0.505156, "top": 0.208013, "recognized": false, "bb_big_enough": true, "class": "artwork", "left": 0.545607}, {"bottom": 0.496669, "top": 0.39379, "right": 0.265013, "class": "person", "left": 0.18674}, {"bottom": 0.501729, "top": 0.366549, "right": 0.243399, "class": "person", "left": 0.131722}], "p_voice": "0"}