{"frame_id": 105, "walking": "1", "video_id": "VID_20161007_131547_reduced", "bbs": [{"right": 0.490363, "bottom": 0.398627, "top": 0.156013, "recognized": false, "bb_big_enough": true, "class": "artwork", "left": 0.283819}, {"bottom": 0.486033, "top": 0.368561, "right": 0.15285, "class": "person", "left": 0.059965}, {"bottom": 0.512498, "top": 0.384626, "right": 0.236405, "class": "person", "left": 0.139064}], "p_voice": "0"}