{"frame_id": 1915, "walking": "1", "video_id": "VID_20161007_131547_reduced", "bbs": [{"right": 0.719138, "bottom": 0.585128, "top": 0.342115, "recognized": false, "bb_big_enough": false, "class": "artwork", "left": 0.529319}, {"bottom": 0.646696, "top": 0.456179, "right": 0.822304, "class": "person", "left": 0.71592}, {"bottom": 0.967801, "top": 0.354226, "right": 0.489301, "class": "person", "left": 0.119881}], "p_voice": "0"}