{"frame_id": 964, "walking": "1", "video_id": "VID_20161007_131547_reduced", "bbs": [{"right": 0.988551, "bottom": 0.538734, "top": 0.185829, "recognized": false, "bb_big_enough": false, "class": "artwork", "left": 0.892343}, {"bottom": 0.717792, "top": 0.504897, "right": 0.182334, "class": "person", "left": 0.041042}, {"bottom": 0.702933, "top": 0.518388, "right": 0.253486, "class": "person", "left": 0.128218}], "p_voice": "0"}