{"frame_id": 1753, "walking": "1", "video_id": "VID_20161007_131547_reduced", "bbs": [{"right": 0.156303, "bottom": 0.526417, "top": 0.210498, "recognized": false, "bb_big_enough": false, "class": "artwork", "left": 0.003742}, {"bottom": 0.722517, "top": 0.51215, "right": 0.559604, "class": "person", "left": 0.455418}, {"bottom": 0.774785, "top": 0.488225, "right": 0.6093, "class": "person", "left": 0.488265}], "p_voice": "0"}