{"frame_id": 1924, "walking": "1", "video_id": "VID_20161007_131547_reduced", "bbs": [{"right": 0.727556, "bottom": 0.588347, "top": 0.343036, "recognized": false, "bb_big_enough": false, "class": "artwork", "left": 0.527324}, {"bottom": 0.645346, "top": 0.450275, "right": 0.828084, "class": "person", "left": 0.707794}, {"bottom": 0.970559, "top": 0.350363, "right": 0.501073, "class": "person", "left": 0.098924}], "p_voice": "0"}