{"frame_id": 1750, "walking": "1", "video_id": "VID_20161007_131547_reduced", "bbs": [{"right": 0.159678, "bottom": 0.519645, "top": 0.205385, "recognized": false, "bb_big_enough": false, "class": "artwork", "left": 0.004264}, {"right": 0.732339, "bottom": 0.630311, "top": 0.416073, "recognized": false, "bb_big_enough": false, "class": "artwork", "left": 0.624742}, {"bottom": 0.724574, "top": 0.504333, "right": 0.551987, "class": "person", "left": 0.445906}, {"bottom": 0.773744, "top": 0.481395, "right": 0.599522, "class": "person", "left": 0.479554}], "p_voice": "0"}