{"frame_id": 1785, "walking": "1", "video_id": "VID_20161007_131547_reduced", "bbs": [{"right": 0.147633, "bottom": 0.484977, "top": 0.188286, "recognized": false, "bb_big_enough": false, "class": "artwork", "left": 0.003425}, {"right": 0.852392, "bottom": 0.58493, "top": 0.417329, "recognized": false, "bb_big_enough": false, "class": "artwork", "left": 0.74989}, {"bottom": 0.694522, "top": 0.504714, "right": 0.538132, "class": "person", "left": 0.454014}, {"bottom": 0.779745, "top": 0.453026, "right": 0.669796, "class": "person", "left": 0.512033}], "p_voice": "0"}