{"frame_id": 110, "walking": "1", "video_id": "VID_20161007_131547_reduced", "bbs": [{"right": 0.782776, "bottom": 0.522276, "top": 0.216215, "recognized": false, "bb_big_enough": true, "class": "artwork", "left": 0.545033}, {"bottom": 0.492567, "top": 0.388228, "right": 0.168217, "class": "person", "left": 0.074271}, {"bottom": 0.500036, "top": 0.395139, "right": 0.255049, "class": "person", "left": 0.184023}, {"bottom": 0.512204, "top": 0.364752, "right": 0.245348, "class": "person", "left": 0.128601}], "p_voice": "0"}