{"frame_id": 1793, "walking": "1", "video_id": "VID_20161007_131547_reduced", "bbs": [{"right": 0.160338, "bottom": 0.483825, "top": 0.178187, "recognized": false, "bb_big_enough": false, "class": "artwork", "left": 0.008565}, {"bottom": 0.685531, "top": 0.507678, "right": 0.525733, "class": "person", "left": 0.445352}, {"bottom": 0.772763, "top": 0.45714, "right": 0.66487, "class": "person", "left": 0.519077}], "p_voice": "0"}