{"frame_id": 6165, "walking": "1", "video_id": "VID_20161007_131547_reduced", "bbs": [{"bottom": 0.744943, "top": 0.486336, "right": 0.16699, "class": "person", "left": 0.034581}, {"bottom": 0.741906, "top": 0.521543, "right": 0.754586, "class": "person", "left": 0.498313}, {"bottom": 0.753433, "top": 0.528235, "right": 0.971219, "class": "person", "left": 0.860354}], "p_voice": "0"}