{"frame_id": 115, "walking": "1", "video_id": "VID_20161007_131547_reduced", "bbs": [{"right": 0.569191, "bottom": 0.447753, "top": 0.189427, "recognized": false, "bb_big_enough": true, "class": "artwork", "left": 0.345313}, {"right": 0.78551, "bottom": 0.513763, "top": 0.217702, "recognized": false, "bb_big_enough": true, "class": "artwork", "left": 0.554778}, {"bottom": 0.49915, "top": 0.40341, "right": 0.257932, "class": "person", "left": 0.191712}, {"bottom": 0.510291, "top": 0.375736, "right": 0.242766, "class": "person", "left": 0.137551}], "p_voice": "0"}