{"frame_id": 1910, "walking": "1", "video_id": "VID_20161007_131547_reduced", "bbs": [{"right": 0.714184, "bottom": 0.580908, "top": 0.35793, "recognized": false, "bb_big_enough": false, "class": "artwork", "left": 0.539765}, {"bottom": 0.643548, "top": 0.469643, "right": 0.814274, "class": "person", "left": 0.717621}, {"bottom": 0.964924, "top": 0.364758, "right": 0.486783, "class": "person", "left": 0.132221}], "p_voice": "0"}