{"frame_id": 1779, "walking": "1", "video_id": "VID_20161007_131547_reduced", "bbs": [{"right": 0.147306, "bottom": 0.491396, "top": 0.192255, "recognized": false, "bb_big_enough": false, "class": "artwork", "left": 0.002782}, {"right": 0.834935, "bottom": 0.578375, "top": 0.419358, "recognized": false, "bb_big_enough": false, "class": "artwork", "left": 0.738258}, {"bottom": 0.697192, "top": 0.501594, "right": 0.549445, "class": "person", "left": 0.464723}, {"bottom": 0.769407, "top": 0.456597, "right": 0.668303, "class": "person", "left": 0.52078}], "p_voice": "0"}