{"frame_id": 1783, "walking": "1", "video_id": "VID_20161007_131547_reduced", "bbs": [{"right": 0.145946, "bottom": 0.487956, "top": 0.190225, "recognized": false, "bb_big_enough": false, "class": "artwork", "left": 0.002088}, {"right": 0.846163, "bottom": 0.581568, "top": 0.417228, "recognized": false, "bb_big_enough": false, "class": "artwork", "left": 0.745604}, {"bottom": 0.694445, "top": 0.50333, "right": 0.541273, "class": "person", "left": 0.457507}, {"bottom": 0.77707, "top": 0.453739, "right": 0.668712, "class": "person", "left": 0.51449}], "p_voice": "0"}