{"frame_id": 1773, "walking": "1", "video_id": "VID_20161007_131547_reduced", "bbs": [{"right": 0.145559, "bottom": 0.502754, "top": 0.203783, "recognized": false, "bb_big_enough": false, "class": "artwork", "left": 0.002344}, {"right": 0.837221, "bottom": 0.584743, "top": 0.418108, "recognized": false, "bb_big_enough": false, "class": "artwork", "left": 0.740371}, {"bottom": 0.708772, "top": 0.501031, "right": 0.552677, "class": "person", "left": 0.457358}, {"bottom": 0.766571, "top": 0.472947, "right": 0.61726, "class": "person", "left": 0.496212}], "p_voice": "0"}