{"frame_id": 1888, "walking": "1", "video_id": "VID_20161007_131547_reduced", "bbs": [{"right": 0.630796, "bottom": 0.60071, "top": 0.320722, "recognized": false, "bb_big_enough": true, "class": "artwork", "left": 0.442351}, {"right": 0.696256, "bottom": 0.591166, "top": 0.413054, "recognized": false, "bb_big_enough": false, "class": "artwork", "left": 0.585448}, {"bottom": 0.901755, "top": 0.413319, "right": 0.458246, "class": "person", "left": 0.168905}, {"bottom": 0.684365, "top": 0.495449, "right": 0.800262, "class": "person", "left": 0.709908}], "p_voice": "0"}