{"frame_id": 117, "walking": "1", "video_id": "VID_20161007_131547_reduced", "bbs": [{"right": 0.790503, "bottom": 0.511649, "top": 0.214941, "recognized": false, "bb_big_enough": true, "class": "artwork", "left": 0.548208}, {"bottom": 0.492511, "top": 0.401074, "right": 0.264898, "class": "person", "left": 0.196728}, {"bottom": 0.503793, "top": 0.37098, "right": 0.24555, "class": "person", "left": 0.138221}], "p_voice": "0"}