{"frame_id": 125, "walking": "1", "video_id": "VID_20161007_131547_reduced", "bbs": [{"right": 0.483255, "bottom": 0.415046, "top": 0.183697, "recognized": false, "bb_big_enough": false, "class": "artwork", "left": 0.308582}, {"right": 0.717469, "bottom": 0.503391, "top": 0.20827, "recognized": false, "bb_big_enough": true, "class": "artwork", "left": 0.502436}, {"bottom": 0.505931, "top": 0.380577, "right": 0.173436, "class": "person", "left": 0.068589}, {"bottom": 0.547389, "top": 0.397528, "right": 0.201607, "class": "person", "left": 0.104371}], "p_voice": "0"}