{"frame_id": 1784, "walking": "1", "video_id": "VID_20161007_131547_reduced", "bbs": [{"right": 0.146805, "bottom": 0.488573, "top": 0.189019, "recognized": false, "bb_big_enough": false, "class": "artwork", "left": 0.002532}, {"right": 0.849603, "bottom": 0.582729, "top": 0.416118, "recognized": false, "bb_big_enough": false, "class": "artwork", "left": 0.747695}, {"bottom": 0.695405, "top": 0.502457, "right": 0.539925, "class": "person", "left": 0.455599}, {"bottom": 0.779359, "top": 0.452778, "right": 0.666468, "class": "person", "left": 0.510413}], "p_voice": "0"}