{"frame_id": 106, "walking": "1", "video_id": "VID_20161007_131547_reduced", "bbs": [{"right": 0.773079, "bottom": 0.517268, "top": 0.210827, "recognized": false, "bb_big_enough": true, "class": "artwork", "left": 0.53716}, {"bottom": 0.493352, "top": 0.373003, "right": 0.161477, "class": "person", "left": 0.05942}, {"bottom": 0.506254, "top": 0.389013, "right": 0.242801, "class": "person", "left": 0.153554}], "p_voice": "0"}