{"frame_id": 1822, "walking": "1", "video_id": "VID_20161007_131547_reduced", "bbs": [{"right": 0.094327, "bottom": 0.432035, "top": 0.258675, "recognized": false, "bb_big_enough": false, "class": "artwork", "left": 0.026284}, {"bottom": 0.771013, "top": 0.446998, "right": 0.564685, "class": "person", "left": 0.432375}, {"bottom": 0.678186, "top": 0.485419, "right": 0.882552, "class": "person", "left": 0.782671}], "p_voice": "0"}