{"frame_id": 116, "walking": "1", "video_id": "VID_20161007_131547_reduced", "bbs": [{"right": 0.789465, "bottom": 0.508416, "top": 0.21719, "recognized": false, "bb_big_enough": true, "class": "artwork", "left": 0.553599}, {"bottom": 0.494873, "top": 0.402148, "right": 0.262029, "class": "person", "left": 0.193318}, {"bottom": 0.503987, "top": 0.373653, "right": 0.242735, "class": "person", "left": 0.137703}], "p_voice": "0"}