{"frame_id": 122, "walking": "1", "video_id": "VID_20161007_131547_reduced", "bbs": [{"right": 0.779919, "bottom": 0.514533, "top": 0.196508, "recognized": false, "bb_big_enough": true, "class": "artwork", "left": 0.524591}, {"bottom": 0.492325, "top": 0.370069, "right": 0.169357, "class": "person", "left": 0.063188}, {"bottom": 0.50208, "top": 0.381939, "right": 0.260631, "class": "person", "left": 0.171812}], "p_voice": "0"}