{"frame_id": 1719, "walking": "1", "video_id": "VID_20161007_131547_reduced", "bbs": [{"bottom": 0.775403, "top": 0.531446, "right": 0.315772, "class": "person", "left": 0.180491}, {"bottom": 0.753173, "top": 0.503478, "right": 0.420875, "class": "person", "left": 0.26564}, {"right": 0.764546, "bottom": 0.949799, "top": 0.593546, "recognized": false, "bb_big_enough": true, "class": "artwork", "left": 0.463587}], "p_voice": "0"}