{"frame_id": 71, "walking": "1", "video_id": "VID_20161007_131547_reduced", "bbs": [{"right": 0.348173, "bottom": 0.411628, "top": 0.226204, "recognized": false, "bb_big_enough": false, "class": "artwork", "left": 0.19478}, {"bottom": 0.540174, "top": 0.404875, "right": 0.084991, "class": "person", "left": 0.009468}, {"bottom": 0.594115, "top": 0.344718, "right": 0.602191, "class": "person", "left": 0.412911}], "p_voice": "0"}