{"frame_id": 1908, "walking": "1", "video_id": "VID_20161007_131547_reduced", "bbs": [{"right": 0.710017, "bottom": 0.58257, "top": 0.353758, "recognized": false, "bb_big_enough": false, "class": "artwork", "left": 0.527889}, {"bottom": 0.963333, "top": 0.372084, "right": 0.484789, "class": "person", "left": 0.134542}, {"bottom": 0.69504, "top": 0.471951, "right": 0.825173, "class": "person", "left": 0.71805}], "p_voice": "0"}