{"frame_id": 108, "walking": "1", "video_id": "VID_20161007_131547_reduced", "bbs": [{"right": 0.779317, "bottom": 0.521329, "top": 0.208676, "recognized": false, "bb_big_enough": true, "class": "artwork", "left": 0.543911}, {"bottom": 0.494548, "top": 0.373304, "right": 0.169464, "class": "person", "left": 0.065595}, {"bottom": 0.496899, "top": 0.383773, "right": 0.251815, "class": "person", "left": 0.176047}, {"bottom": 0.510474, "top": 0.35055, "right": 0.244508, "class": "person", "left": 0.121626}], "p_voice": "0"}