{"frame_id": 67, "walking": "1", "video_id": "VID_20161007_131547_reduced", "bbs": [{"right": 0.344404, "bottom": 0.424504, "top": 0.231575, "recognized": false, "bb_big_enough": false, "class": "artwork", "left": 0.186402}, {"bottom": 0.544807, "top": 0.40921, "right": 0.075715, "class": "person", "left": 0.004062}, {"bottom": 0.600597, "top": 0.340392, "right": 0.600772, "class": "person", "left": 0.408522}], "p_voice": "0"}