{"frame_id": 1780, "walking": "1", "video_id": "VID_20161007_131547_reduced", "bbs": [{"right": 0.145147, "bottom": 0.488797, "top": 0.191143, "recognized": false, "bb_big_enough": false, "class": "artwork", "left": 0.001424}, {"right": 0.840065, "bottom": 0.583114, "top": 0.419804, "recognized": false, "bb_big_enough": false, "class": "artwork", "left": 0.740167}, {"bottom": 0.694648, "top": 0.502387, "right": 0.546068, "class": "person", "left": 0.462669}, {"bottom": 0.769383, "top": 0.457011, "right": 0.665105, "class": "person", "left": 0.517244}], "p_voice": "0"}