{"frame_id": 1923, "walking": "1", "video_id": "VID_20161007_131547_reduced", "bbs": [{"right": 0.722643, "bottom": 0.585932, "top": 0.338854, "recognized": false, "bb_big_enough": false, "class": "artwork", "left": 0.521332}, {"bottom": 0.967997, "top": 0.352013, "right": 0.501879, "class": "person", "left": 0.098337}, {"bottom": 0.721659, "top": 0.458215, "right": 0.839133, "class": "person", "left": 0.700706}], "p_voice": "0"}