{"frame_id": 1761, "walking": "1", "video_id": "VID_20161007_131547_reduced", "bbs": [{"right": 0.148154, "bottom": 0.519912, "top": 0.222402, "recognized": false, "bb_big_enough": false, "class": "artwork", "left": 0.00491}, {"bottom": 0.721549, "top": 0.518878, "right": 0.560996, "class": "person", "left": 0.461143}, {"bottom": 0.778407, "top": 0.490651, "right": 0.610811, "class": "person", "left": 0.489955}], "p_voice": "0"}