{"frame_id": 118, "walking": "1", "video_id": "VID_20161007_131547_reduced", "bbs": [{"right": 0.572583, "bottom": 0.452422, "top": 0.18782, "recognized": false, "bb_big_enough": true, "class": "artwork", "left": 0.344989}, {"right": 0.788547, "bottom": 0.510764, "top": 0.208507, "recognized": false, "bb_big_enough": true, "class": "artwork", "left": 0.547164}, {"bottom": 0.492185, "top": 0.395321, "right": 0.263481, "class": "person", "left": 0.191454}, {"bottom": 0.501143, "top": 0.366556, "right": 0.243809, "class": "person", "left": 0.134884}], "p_voice": "0"}