{"frame_id": 68, "walking": "1", "video_id": "VID_20161007_131547_reduced", "bbs": [{"right": 0.336836, "bottom": 0.416502, "top": 0.23644, "recognized": false, "bb_big_enough": false, "class": "artwork", "left": 0.185823}, {"bottom": 0.538576, "top": 0.409997, "right": 0.073723, "class": "person", "left": 0.005739}, {"bottom": 0.599621, "top": 0.338055, "right": 0.60205, "class": "person", "left": 0.405677}], "p_voice": "0"}