{"frame_id": 6170, "walking": "1", "video_id": "VID_20161007_131547_reduced", "bbs": [{"bottom": 0.796336, "top": 0.504256, "right": 0.09041, "class": "person", "left": 0.016953}, {"bottom": 0.739367, "top": 0.510823, "right": 0.599167, "class": "person", "left": 0.394048}, {"bottom": 0.759398, "top": 0.531654, "right": 0.833173, "class": "person", "left": 0.706227}], "p_voice": "0"}