{"frame_id": 1885, "walking": "1", "video_id": "VID_20161007_131547_reduced", "bbs": [{"right": 0.627664, "bottom": 0.594838, "top": 0.320178, "recognized": false, "bb_big_enough": true, "class": "artwork", "left": 0.437642}, {"right": 0.69319, "bottom": 0.591303, "top": 0.413492, "recognized": false, "bb_big_enough": false, "class": "artwork", "left": 0.582049}, {"bottom": 0.889149, "top": 0.418483, "right": 0.460518, "class": "person", "left": 0.175822}, {"bottom": 0.686241, "top": 0.497621, "right": 0.799525, "class": "person", "left": 0.705243}], "p_voice": "0"}