{"frame_id": 6163, "walking": "1", "video_id": "VID_20161007_131547_reduced", "bbs": [{"bottom": 0.728641, "top": 0.503895, "right": 0.148129, "class": "person", "left": 0.031689}, {"bottom": 0.759803, "top": 0.4884, "right": 0.262263, "class": "person", "left": 0.082814}, {"bottom": 0.737506, "top": 0.536019, "right": 0.99178, "class": "person", "left": 0.932772}], "p_voice": "0"}