{"frame_id": 1722, "walking": "1", "video_id": "VID_20161007_131547_reduced", "bbs": [{"bottom": 0.761101, "top": 0.538438, "right": 0.323885, "class": "person", "left": 0.206999}, {"bottom": 0.758805, "top": 0.514692, "right": 0.42682, "class": "person", "left": 0.285236}, {"right": 0.771195, "bottom": 0.942981, "top": 0.593417, "recognized": false, "bb_big_enough": true, "class": "artwork", "left": 0.476682}], "p_voice": "0"}