{"frame_id": 1905, "walking": "1", "video_id": "VID_20161007_131547_reduced", "bbs": [{"right": 0.715077, "bottom": 0.584531, "top": 0.360878, "recognized": false, "bb_big_enough": false, "class": "artwork", "left": 0.533942}, {"bottom": 0.964393, "top": 0.378232, "right": 0.478314, "class": "person", "left": 0.132742}, {"bottom": 0.696023, "top": 0.473788, "right": 0.82441, "class": "person", "left": 0.713011}], "p_voice": "0"}