{"frame_id": 1791, "walking": "1", "video_id": "VID_20161007_131547_reduced", "bbs": [{"right": 0.155549, "bottom": 0.478485, "top": 0.188751, "recognized": false, "bb_big_enough": false, "class": "artwork", "left": 0.008878}, {"right": 0.984761, "bottom": 0.59064, "top": 0.458129, "recognized": false, "bb_big_enough": false, "class": "artwork", "left": 0.940959}, {"bottom": 0.685191, "top": 0.506041, "right": 0.528616, "class": "person", "left": 0.450682}, {"bottom": 0.782046, "top": 0.452009, "right": 0.665556, "class": "person", "left": 0.513259}], "p_voice": "0"}