{"frame_id": 1771, "walking": "1", "video_id": "VID_20161007_131547_reduced", "bbs": [{"right": 0.140557, "bottom": 0.502741, "top": 0.20995, "recognized": false, "bb_big_enough": false, "class": "artwork", "left": 0.003808}, {"right": 0.833173, "bottom": 0.585878, "top": 0.415673, "recognized": false, "bb_big_enough": false, "class": "artwork", "left": 0.741094}, {"bottom": 0.714492, "top": 0.501495, "right": 0.552061, "class": "person", "left": 0.45539}, {"bottom": 0.779022, "top": 0.471562, "right": 0.617443, "class": "person", "left": 0.490671}], "p_voice": "0"}