{"frame_id": 1931, "walking": "1", "video_id": "VID_20161007_131547_reduced", "bbs": [{"right": 0.658964, "bottom": 0.555916, "top": 0.262063, "recognized": false, "bb_big_enough": true, "class": "artwork", "left": 0.443606}, {"right": 0.729242, "bottom": 0.589787, "top": 0.358863, "recognized": false, "bb_big_enough": false, "class": "artwork", "left": 0.536337}, {"bottom": 0.634741, "top": 0.462992, "right": 0.824475, "class": "person", "left": 0.712792}, {"bottom": 0.950017, "top": 0.366865, "right": 0.43409, "class": "person", "left": 0.114648}], "p_voice": "0"}