{"frame_id": 129, "walking": "1", "video_id": "VID_20161007_131547_reduced", "bbs": [{"right": 0.449987, "bottom": 0.403167, "top": 0.153709, "recognized": false, "bb_big_enough": false, "class": "artwork", "left": 0.259246}, {"right": 0.698467, "bottom": 0.507795, "top": 0.21289, "recognized": false, "bb_big_enough": true, "class": "artwork", "left": 0.479881}, {"bottom": 0.502426, "top": 0.383523, "right": 0.163374, "class": "person", "left": 0.062399}, {"bottom": 0.694744, "top": 0.268984, "right": 0.742702, "class": "person", "left": 0.460109}], "p_voice": "0"}