{"frame_id": 1772, "walking": "1", "video_id": "VID_20161007_131547_reduced", "bbs": [{"right": 0.141824, "bottom": 0.501813, "top": 0.208415, "recognized": false, "bb_big_enough": false, "class": "artwork", "left": 0.00295}, {"right": 0.831653, "bottom": 0.585197, "top": 0.417204, "recognized": false, "bb_big_enough": false, "class": "artwork", "left": 0.736568}, {"bottom": 0.711729, "top": 0.500503, "right": 0.552854, "class": "person", "left": 0.456061}, {"bottom": 0.774706, "top": 0.470293, "right": 0.618037, "class": "person", "left": 0.491933}], "p_voice": "0"}