{"frame_id": 1912, "walking": "1", "video_id": "VID_20161007_131547_reduced", "bbs": [{"right": 0.715952, "bottom": 0.579248, "top": 0.354197, "recognized": false, "bb_big_enough": false, "class": "artwork", "left": 0.536067}, {"bottom": 0.642698, "top": 0.465864, "right": 0.817196, "class": "person", "left": 0.71864}, {"bottom": 0.967453, "top": 0.360024, "right": 0.484188, "class": "person", "left": 0.128615}], "p_voice": "0"}