{"frame_id": 107, "walking": "1", "video_id": "VID_20161007_131547_reduced", "bbs": [{"right": 0.784024, "bottom": 0.528089, "top": 0.198428, "recognized": false, "bb_big_enough": true, "class": "artwork", "left": 0.538732}, {"bottom": 0.494291, "top": 0.370788, "right": 0.172305, "class": "person", "left": 0.066436}, {"bottom": 0.499398, "top": 0.384871, "right": 0.249163, "class": "person", "left": 0.171627}, {"bottom": 0.512908, "top": 0.34649, "right": 0.246051, "class": "person", "left": 0.118812}], "p_voice": "0"}