{"frame_id": 1721, "walking": "1", "video_id": "VID_20161007_131547_reduced", "bbs": [{"bottom": 0.770356, "top": 0.534132, "right": 0.323189, "class": "person", "left": 0.197131}, {"bottom": 0.75688, "top": 0.507377, "right": 0.418995, "class": "person", "left": 0.273357}, {"right": 0.773511, "bottom": 0.951349, "top": 0.587989, "recognized": false, "bb_big_enough": true, "class": "artwork", "left": 0.469625}], "p_voice": "0"}