{"frame_id": 5226, "walking": "1", "video_id": "VID_20161007_131547_reduced", "bbs": [{"right": 0.74095, "bottom": 0.526579, "top": 0.247983, "recognized": false, "bb_big_enough": false, "class": "artwork", "left": 0.571522}, {"bottom": 0.610455, "top": 0.462169, "right": 0.119261, "class": "person", "left": 0.04054}, {"bottom": 0.617374, "top": 0.453768, "right": 0.080092, "class": "person", "left": 0.007485}, {"bottom": 0.620272, "top": 0.454994, "right": 0.245654, "class": "person", "left": 0.139247}], "p_voice": "0"}