{"frame_id": 1887, "walking": "1", "video_id": "VID_20161007_131547_reduced", "bbs": [{"right": 0.62889, "bottom": 0.599202, "top": 0.320369, "recognized": false, "bb_big_enough": true, "class": "artwork", "left": 0.437993}, {"right": 0.69648, "bottom": 0.592119, "top": 0.41452, "recognized": false, "bb_big_enough": false, "class": "artwork", "left": 0.585768}, {"bottom": 0.900617, "top": 0.413519, "right": 0.464975, "class": "person", "left": 0.169621}, {"bottom": 0.689036, "top": 0.493752, "right": 0.799883, "class": "person", "left": 0.703914}], "p_voice": "0"}