{"frame_id": 6047, "walking": "1", "video_id": "VID_20161007_131547_reduced", "bbs": [{"right": 0.972826, "bottom": 0.545079, "top": 0.112138, "recognized": false, "bb_big_enough": true, "class": "artwork", "left": 0.743544}, {"right": 0.658987, "bottom": 0.613573, "top": 0.395739, "recognized": false, "bb_big_enough": false, "class": "artwork", "left": 0.472003}, {"bottom": 0.842372, "top": 0.489379, "right": 0.998288, "class": "person", "left": 0.913328}, {"bottom": 0.914462, "top": 0.533936, "right": 0.886644, "class": "person", "left": 0.652901}], "p_voice": "0"}