{"frame_id": 1766, "walking": "1", "video_id": "VID_20161007_131547_reduced", "bbs": [{"right": 0.144207, "bottom": 0.516322, "top": 0.211029, "recognized": false, "bb_big_enough": false, "class": "artwork", "left": 0.002551}, {"bottom": 0.716491, "top": 0.511432, "right": 0.558601, "class": "person", "left": 0.460068}, {"bottom": 0.774155, "top": 0.484596, "right": 0.613359, "class": "person", "left": 0.494459}], "p_voice": "0"}