{"frame_id": 1792, "walking": "1", "video_id": "VID_20161007_131547_reduced", "bbs": [{"right": 0.158723, "bottom": 0.482261, "top": 0.181754, "recognized": false, "bb_big_enough": false, "class": "artwork", "left": 0.008875}, {"bottom": 0.684491, "top": 0.50449, "right": 0.525829, "class": "person", "left": 0.444418}, {"bottom": 0.779241, "top": 0.452611, "right": 0.667284, "class": "person", "left": 0.512633}], "p_voice": "0"}