{"frame_id": 1718, "walking": "1", "video_id": "VID_20161007_131547_reduced", "bbs": [{"bottom": 0.782277, "top": 0.538046, "right": 0.304659, "class": "person", "left": 0.174494}, {"bottom": 0.759274, "top": 0.498105, "right": 0.422717, "class": "person", "left": 0.261179}, {"right": 0.75931, "bottom": 0.950692, "top": 0.592652, "recognized": false, "bb_big_enough": true, "class": "artwork", "left": 0.457693}], "p_voice": "0"}