{"frame_id": 202, "walking": "1", "video_id": "VID_20161007_131547_reduced", "bbs": [{"artwork_id": "marzocco", "right": 0.713242, "bottom": 0.497881, "top": 0.114851, "confidence": 71, "recognized": true, "bb_big_enough": true, "class": "artwork", "left": 0.419223}, {"bottom": 0.55357, "top": 0.40407, "right": 0.140958, "class": "person", "left": 0.047677}, {"bottom": 0.561993, "top": 0.403351, "right": 0.089307, "class": "person", "left": 0.008248}, {"bottom": 0.560952, "top": 0.413502, "right": 0.273522, "class": "person", "left": 0.167112}], "p_voice": "0"}