{"frame_id": 1720, "walking": "1", "video_id": "VID_20161007_131547_reduced", "bbs": [{"bottom": 0.770327, "top": 0.534269, "right": 0.323201, "class": "person", "left": 0.19715}, {"bottom": 0.756838, "top": 0.507443, "right": 0.418916, "class": "person", "left": 0.273372}, {"right": 0.773397, "bottom": 0.951205, "top": 0.588397, "recognized": false, "bb_big_enough": true, "class": "artwork", "left": 0.469545}], "p_voice": "0"}