{"frame_id": 114, "walking": "1", "video_id": "VID_20161007_131547_reduced", "bbs": [{"right": 0.562351, "bottom": 0.458333, "top": 0.185275, "recognized": false, "bb_big_enough": true, "class": "artwork", "left": 0.339326}, {"right": 0.785079, "bottom": 0.535538, "top": 0.211151, "recognized": false, "bb_big_enough": true, "class": "artwork", "left": 0.54127}, {"bottom": 0.506552, "top": 0.400138, "right": 0.260843, "class": "person", "left": 0.188057}, {"bottom": 0.518797, "top": 0.372916, "right": 0.247582, "class": "person", "left": 0.135627}], "p_voice": "0"}