{"frame_id": 5186, "walking": "1", "video_id": "VID_20161007_131547_reduced", "bbs": [{"bottom": 0.728405, "top": 0.476464, "right": 0.30527, "class": "person", "left": 0.137708}, {"bottom": 0.659897, "top": 0.522907, "right": 0.520133, "class": "person", "left": 0.433922}, {"bottom": 0.663642, "top": 0.505627, "right": 0.568318, "class": "person", "left": 0.462152}], "p_voice": "0"}