{"frame_id": 6162, "walking": "1", "video_id": "VID_20161007_131547_reduced", "bbs": [{"bottom": 0.72429, "top": 0.519042, "right": 0.138697, "class": "person", "left": 0.030191}, {"bottom": 0.751217, "top": 0.497038, "right": 0.29013, "class": "person", "left": 0.108848}, {"bottom": 0.73329, "top": 0.527439, "right": 0.872524, "class": "person", "left": 0.649621}], "p_voice": "0"}