{"frame_id": 1781, "walking": "1", "video_id": "VID_20161007_131547_reduced", "bbs": [{"right": 0.144704, "bottom": 0.487285, "top": 0.191626, "recognized": false, "bb_big_enough": false, "class": "artwork", "left": 0.000939}, {"right": 0.842241, "bottom": 0.582034, "top": 0.419932, "recognized": false, "bb_big_enough": false, "class": "artwork", "left": 0.740043}, {"bottom": 0.694032, "top": 0.502998, "right": 0.544794, "class": "person", "left": 0.460513}, {"bottom": 0.770019, "top": 0.455942, "right": 0.668909, "class": "person", "left": 0.517972}], "p_voice": "0"}