{"frame_id": 1762, "walking": "1", "video_id": "VID_20161007_131547_reduced", "bbs": [{"right": 0.145748, "bottom": 0.520025, "top": 0.221559, "recognized": false, "bb_big_enough": false, "class": "artwork", "left": 0.002956}, {"bottom": 0.721926, "top": 0.51812, "right": 0.562528, "class": "person", "left": 0.461952}, {"bottom": 0.776291, "top": 0.490368, "right": 0.611632, "class": "person", "left": 0.493702}], "p_voice": "0"}