{"frame_id": 5187, "walking": "1", "video_id": "VID_20161007_131547_reduced", "bbs": [{"bottom": 0.728654, "top": 0.476531, "right": 0.305234, "class": "person", "left": 0.137372}, {"bottom": 0.659867, "top": 0.522757, "right": 0.520496, "class": "person", "left": 0.434213}, {"bottom": 0.663369, "top": 0.50547, "right": 0.568792, "class": "person", "left": 0.462524}], "p_voice": "0"}