{"frame_id": 1775, "walking": "1", "video_id": "VID_20161007_131547_reduced", "bbs": [{"right": 0.146299, "bottom": 0.497656, "top": 0.196362, "recognized": false, "bb_big_enough": false, "class": "artwork", "left": 0.003725}, {"right": 0.83472, "bottom": 0.57879, "top": 0.420385, "recognized": false, "bb_big_enough": false, "class": "artwork", "left": 0.742217}, {"bottom": 0.702286, "top": 0.500936, "right": 0.553064, "class": "person", "left": 0.461697}, {"bottom": 0.760314, "top": 0.473348, "right": 0.616342, "class": "person", "left": 0.502894}], "p_voice": "0"}