{"frame_id": 1934, "walking": "1", "video_id": "VID_20161007_131547_reduced", "bbs": [{"right": 0.654474, "bottom": 0.556404, "top": 0.256243, "recognized": false, "bb_big_enough": true, "class": "artwork", "left": 0.443435}, {"right": 0.728964, "bottom": 0.590677, "top": 0.363035, "recognized": false, "bb_big_enough": false, "class": "artwork", "left": 0.548108}, {"bottom": 0.635501, "top": 0.461827, "right": 0.818889, "class": "person", "left": 0.70963}, {"bottom": 0.958602, "top": 0.365724, "right": 0.434687, "class": "person", "left": 0.112886}], "p_voice": "0"}