{"frame_id": 6048, "walking": "1", "video_id": "VID_20161007_131547_reduced", "bbs": [{"right": 0.972684, "bottom": 0.545139, "top": 0.112304, "recognized": false, "bb_big_enough": true, "class": "artwork", "left": 0.74358}, {"right": 0.658953, "bottom": 0.613459, "top": 0.395862, "recognized": false, "bb_big_enough": false, "class": "artwork", "left": 0.471954}, {"bottom": 0.842488, "top": 0.489364, "right": 0.998186, "class": "person", "left": 0.913055}, {"bottom": 0.914454, "top": 0.534228, "right": 0.886757, "class": "person", "left": 0.65322}], "p_voice": "0"}