{"frame_id": 128, "walking": "1", "video_id": "VID_20161007_131547_reduced", "bbs": [{"right": 0.450135, "bottom": 0.403128, "top": 0.153546, "recognized": false, "bb_big_enough": false, "class": "artwork", "left": 0.259293}, {"right": 0.698469, "bottom": 0.50763, "top": 0.212925, "recognized": false, "bb_big_enough": true, "class": "artwork", "left": 0.479967}, {"bottom": 0.502553, "top": 0.383241, "right": 0.162617, "class": "person", "left": 0.061957}, {"bottom": 0.694625, "top": 0.269012, "right": 0.742726, "class": "person", "left": 0.460047}], "p_voice": "0"}