{"frame_id": 203, "walking": "1", "video_id": "VID_20161007_131547_reduced", "bbs": [{"artwork_id": "marzocco", "right": 0.712705, "bottom": 0.501474, "top": 0.115433, "confidence": 72, "recognized": true, "bb_big_enough": true, "class": "artwork", "left": 0.424292}, {"bottom": 0.552301, "top": 0.404386, "right": 0.142733, "class": "person", "left": 0.051665}, {"bottom": 0.558537, "top": 0.407809, "right": 0.087811, "class": "person", "left": 0.009148}, {"bottom": 0.561282, "top": 0.414869, "right": 0.270874, "class": "person", "left": 0.169169}], "p_voice": "0"}