{"frame_id": 6101, "walking": "1", "video_id": "VID_20161007_131547_reduced", "bbs": [{"right": 0.115324, "bottom": 0.512163, "top": 0.124361, "recognized": false, "bb_big_enough": false, "class": "artwork", "left": 0.0}, {"bottom": 0.804377, "top": 0.449671, "right": 0.146927, "class": "person", "left": 0.014046}, {"bottom": 0.826627, "top": 0.467457, "right": 0.346292, "class": "person", "left": 0.131052}], "p_voice": "0"}