{"frame_id": 5216, "walking": "1", "video_id": "VID_20161007_131547_reduced", "bbs": [{"bottom": 0.644697, "top": 0.475495, "right": 0.096466, "class": "person", "left": 0.038021}, {"bottom": 0.654807, "top": 0.445099, "right": 0.05767, "class": "person", "left": 0.006318}, {"right": 0.841275, "bottom": 0.650347, "top": 0.340657, "recognized": false, "bb_big_enough": false, "class": "artwork", "left": 0.685874}, {"bottom": 0.677055, "top": 0.499423, "right": 0.267286, "class": "person", "left": 0.142089}], "p_voice": "0"}