{"frame_id": 6164, "walking": "1", "video_id": "VID_20161007_131547_reduced", "bbs": [{"bottom": 0.741346, "top": 0.496575, "right": 0.18823, "class": "person", "left": 0.038848}, {"bottom": 0.740755, "top": 0.525608, "right": 0.812126, "class": "person", "left": 0.540436}, {"bottom": 0.749445, "top": 0.521946, "right": 0.988743, "class": "person", "left": 0.912373}], "p_voice": "0"}