{"frame_id": 1902, "walking": "1", "video_id": "VID_20161007_131547_reduced", "bbs": [{"right": 0.715237, "bottom": 0.584726, "top": 0.366922, "recognized": false, "bb_big_enough": false, "class": "artwork", "left": 0.538313}, {"bottom": 0.957196, "top": 0.38998, "right": 0.476346, "class": "person", "left": 0.133936}, {"bottom": 0.691189, "top": 0.481876, "right": 0.82817, "class": "person", "left": 0.719194}], "p_voice": "0"}