{"frame_id": 1760, "walking": "1", "video_id": "VID_20161007_131547_reduced", "bbs": [{"right": 0.151664, "bottom": 0.524206, "top": 0.223818, "recognized": false, "bb_big_enough": false, "class": "artwork", "left": 0.005235}, {"bottom": 0.721949, "top": 0.518215, "right": 0.560223, "class": "person", "left": 0.459507}, {"bottom": 0.777811, "top": 0.490923, "right": 0.611112, "class": "person", "left": 0.490381}], "p_voice": "0"}