{"frame_id": 1751, "walking": "1", "video_id": "VID_20161007_131547_reduced", "bbs": [{"right": 0.158932, "bottom": 0.51913, "top": 0.208103, "recognized": false, "bb_big_enough": false, "class": "artwork", "left": 0.005704}, {"right": 0.730314, "bottom": 0.629735, "top": 0.413436, "recognized": false, "bb_big_enough": false, "class": "artwork", "left": 0.621707}, {"bottom": 0.722502, "top": 0.508284, "right": 0.554281, "class": "person", "left": 0.449776}, {"bottom": 0.774429, "top": 0.483089, "right": 0.60312, "class": "person", "left": 0.481444}], "p_voice": "0"}