{"frame_id": 1904, "walking": "1", "video_id": "VID_20161007_131547_reduced", "bbs": [{"right": 0.715759, "bottom": 0.583987, "top": 0.364051, "recognized": false, "bb_big_enough": false, "class": "artwork", "left": 0.540621}, {"bottom": 0.962644, "top": 0.382315, "right": 0.481099, "class": "person", "left": 0.133343}, {"bottom": 0.694424, "top": 0.476027, "right": 0.823251, "class": "person", "left": 0.713585}], "p_voice": "0"}