{"frame_id": 1892, "walking": "1", "video_id": "VID_20161007_131547_reduced", "bbs": [{"right": 0.644161, "bottom": 0.606144, "top": 0.313913, "recognized": false, "bb_big_enough": true, "class": "artwork", "left": 0.446331}, {"right": 0.704156, "bottom": 0.592167, "top": 0.399919, "recognized": false, "bb_big_enough": false, "class": "artwork", "left": 0.577609}, {"bottom": 0.914361, "top": 0.407232, "right": 0.452039, "class": "person", "left": 0.1521}, {"bottom": 0.686559, "top": 0.494778, "right": 0.801111, "class": "person", "left": 0.706507}], "p_voice": "0"}