{"frame_id": 111, "walking": "1", "video_id": "VID_20161007_131547_reduced", "bbs": [{"right": 0.55324, "bottom": 0.452814, "top": 0.176845, "recognized": false, "bb_big_enough": true, "class": "artwork", "left": 0.320507}, {"right": 0.779181, "bottom": 0.522325, "top": 0.215246, "recognized": false, "bb_big_enough": true, "class": "artwork", "left": 0.543353}, {"bottom": 0.504009, "top": 0.396511, "right": 0.257041, "class": "person", "left": 0.185222}, {"bottom": 0.514463, "top": 0.371881, "right": 0.246522, "class": "person", "left": 0.133024}], "p_voice": "0"}