{"frame_id": 1909, "walking": "1", "video_id": "VID_20161007_131547_reduced", "bbs": [{"right": 0.712933, "bottom": 0.583122, "top": 0.360583, "recognized": false, "bb_big_enough": false, "class": "artwork", "left": 0.53727}, {"bottom": 0.646862, "top": 0.468825, "right": 0.814027, "class": "person", "left": 0.715065}, {"bottom": 0.964658, "top": 0.370023, "right": 0.483575, "class": "person", "left": 0.134083}], "p_voice": "0"}