{"frame_id": 1758, "walking": "1", "video_id": "VID_20161007_131547_reduced", "bbs": [{"right": 0.155363, "bottom": 0.528962, "top": 0.220967, "recognized": false, "bb_big_enough": false, "class": "artwork", "left": 0.004611}, {"bottom": 0.729996, "top": 0.518378, "right": 0.563602, "class": "person", "left": 0.458607}, {"bottom": 0.785461, "top": 0.489777, "right": 0.611149, "class": "person", "left": 0.489817}], "p_voice": "0"}