{"frame_id": 70, "walking": "1", "video_id": "VID_20161007_131547_reduced", "bbs": [{"right": 0.346249, "bottom": 0.408391, "top": 0.227912, "recognized": false, "bb_big_enough": false, "class": "artwork", "left": 0.195566}, {"bottom": 0.538943, "top": 0.406525, "right": 0.08146, "class": "person", "left": 0.006349}, {"bottom": 0.595376, "top": 0.347211, "right": 0.599942, "class": "person", "left": 0.414675}], "p_voice": "0"}