{"frame_id": 109, "walking": "1", "video_id": "VID_20161007_131547_reduced", "bbs": [{"right": 0.778915, "bottom": 0.519584, "top": 0.211453, "recognized": false, "bb_big_enough": true, "class": "artwork", "left": 0.548399}, {"bottom": 0.492665, "top": 0.376552, "right": 0.173067, "class": "person", "left": 0.071146}, {"bottom": 0.497842, "top": 0.387645, "right": 0.255324, "class": "person", "left": 0.18224}, {"bottom": 0.51003, "top": 0.355186, "right": 0.244584, "class": "person", "left": 0.123361}], "p_voice": "0"}