{"frame_id": 223, "walking": "1", "video_id": "VID_20161007_131547_reduced", "bbs": [{"artwork_id": "marzocco", "right": 0.692308, "bottom": 0.519481, "top": 0.101006, "confidence": 92, "recognized": true, "bb_big_enough": true, "class": "artwork", "left": 0.358822}, {"bottom": 0.591613, "top": 0.406426, "right": 0.127654, "class": "person", "left": 0.02744}, {"bottom": 0.597312, "top": 0.4006, "right": 0.071794, "class": "person", "left": 0.0069}, {"bottom": 0.611576, "top": 0.40609, "right": 0.315092, "class": "person", "left": 0.162578}], "p_voice": "0"}