{"frame_id": 1937, "walking": "1", "video_id": "VID_20161007_131547_reduced", "bbs": [{"right": 0.651485, "bottom": 0.558903, "top": 0.254457, "recognized": false, "bb_big_enough": true, "class": "artwork", "left": 0.435828}, {"right": 0.72743, "bottom": 0.590941, "top": 0.366601, "recognized": false, "bb_big_enough": false, "class": "artwork", "left": 0.559866}, {"bottom": 0.641478, "top": 0.46688, "right": 0.817291, "class": "person", "left": 0.715524}, {"bottom": 0.962648, "top": 0.361551, "right": 0.43293, "class": "person", "left": 0.097515}], "p_voice": "0"}