{"frame_id": 222, "walking": "1", "video_id": "VID_20161007_131547_reduced", "bbs": [{"artwork_id": "marzocco", "right": 0.695561, "bottom": 0.51934, "top": 0.097139, "confidence": 91, "recognized": true, "bb_big_enough": true, "class": "artwork", "left": 0.361314}, {"bottom": 0.589926, "top": 0.403817, "right": 0.130748, "class": "person", "left": 0.027981}, {"bottom": 0.597197, "top": 0.396547, "right": 0.07591, "class": "person", "left": 0.006794}, {"bottom": 0.605743, "top": 0.407047, "right": 0.312555, "class": "person", "left": 0.164719}], "p_voice": "0"}