{"frame_id": 1936, "walking": "1", "video_id": "VID_20161007_131547_reduced", "bbs": [{"right": 0.655111, "bottom": 0.560889, "top": 0.255867, "recognized": false, "bb_big_enough": true, "class": "artwork", "left": 0.436998}, {"right": 0.729537, "bottom": 0.589372, "top": 0.364547, "recognized": false, "bb_big_enough": false, "class": "artwork", "left": 0.556516}, {"bottom": 0.638896, "top": 0.461472, "right": 0.816551, "class": "person", "left": 0.708387}, {"bottom": 0.959935, "top": 0.362549, "right": 0.433231, "class": "person", "left": 0.101586}], "p_voice": "0"}