{"frame_id": 1774, "walking": "1", "video_id": "VID_20161007_131547_reduced", "bbs": [{"right": 0.14566, "bottom": 0.498045, "top": 0.200846, "recognized": false, "bb_big_enough": false, "class": "artwork", "left": 0.002756}, {"right": 0.835744, "bottom": 0.579218, "top": 0.419589, "recognized": false, "bb_big_enough": false, "class": "artwork", "left": 0.741652}, {"bottom": 0.705518, "top": 0.501675, "right": 0.552886, "class": "person", "left": 0.461429}, {"bottom": 0.765387, "top": 0.471484, "right": 0.616195, "class": "person", "left": 0.499482}], "p_voice": "0"}