{"frame_id": 1918, "walking": "1", "video_id": "VID_20161007_131547_reduced", "bbs": [{"right": 0.722836, "bottom": 0.586908, "top": 0.335344, "recognized": false, "bb_big_enough": true, "class": "artwork", "left": 0.522904}, {"bottom": 0.96791, "top": 0.352559, "right": 0.486482, "class": "person", "left": 0.114575}, {"bottom": 0.705625, "top": 0.4603, "right": 0.832271, "class": "person", "left": 0.712882}], "p_voice": "0"}