{"frame_id": 1790, "walking": "1", "video_id": "VID_20161007_131547_reduced", "bbs": [{"right": 0.155604, "bottom": 0.478692, "top": 0.188662, "recognized": false, "bb_big_enough": false, "class": "artwork", "left": 0.00888}, {"right": 0.984797, "bottom": 0.590511, "top": 0.45804, "recognized": false, "bb_big_enough": false, "class": "artwork", "left": 0.941051}, {"bottom": 0.685259, "top": 0.506071, "right": 0.528694, "class": "person", "left": 0.450721}, {"bottom": 0.782147, "top": 0.451991, "right": 0.665621, "class": "person", "left": 0.513285}], "p_voice": "0"}