{"frame_id": 6327, "walking": "1", "video_id": "VID_20161007_131547_reduced", "bbs": [{"right": 0.360281, "bottom": 0.540352, "top": 0.184725, "recognized": false, "bb_big_enough": true, "class": "artwork", "left": 0.041846}, {"bottom": 0.848144, "top": 0.372471, "right": 0.864816, "class": "person", "left": 0.437698}, {"bottom": 0.803516, "top": 0.410234, "right": 0.915996, "class": "person", "left": 0.652447}], "p_voice": "0"}