{"frame_id": 1890, "walking": "1", "video_id": "VID_20161007_131547_reduced", "bbs": [{"right": 0.6384, "bottom": 0.605664, "top": 0.318407, "recognized": false, "bb_big_enough": true, "class": "artwork", "left": 0.446418}, {"right": 0.703283, "bottom": 0.591938, "top": 0.409463, "recognized": false, "bb_big_enough": false, "class": "artwork", "left": 0.58881}, {"bottom": 0.910024, "top": 0.407495, "right": 0.454681, "class": "person", "left": 0.160168}, {"bottom": 0.680481, "top": 0.492323, "right": 0.798864, "class": "person", "left": 0.709703}], "p_voice": "0"}