{"frame_id": 1717, "walking": "1", "video_id": "VID_20161007_131547_reduced", "bbs": [{"right": 0.919656, "bottom": 0.591249, "top": 0.127919, "recognized": false, "bb_big_enough": true, "class": "artwork", "left": 0.675834}, {"bottom": 0.778269, "top": 0.536926, "right": 0.306446, "class": "person", "left": 0.168098}, {"bottom": 0.758166, "top": 0.496701, "right": 0.421411, "class": "person", "left": 0.250601}, {"right": 0.760476, "bottom": 0.949026, "top": 0.590754, "recognized": false, "bb_big_enough": true, "class": "artwork", "left": 0.449037}], "p_voice": "0"}