{"frame_id": 5177, "walking": "1", "video_id": "VID_20161007_131547_reduced", "bbs": [{"bottom": 0.686261, "top": 0.503309, "right": 0.468436, "class": "person", "left": 0.312866}, {"bottom": 0.671234, "top": 0.528465, "right": 0.735121, "class": "person", "left": 0.616609}, {"bottom": 0.68642, "top": 0.520807, "right": 0.820559, "class": "person", "left": 0.695494}], "p_voice": "0"}