{"frame_id": 1922, "walking": "1", "video_id": "VID_20161007_131547_reduced", "bbs": [{"right": 0.722668, "bottom": 0.585958, "top": 0.338782, "recognized": false, "bb_big_enough": false, "class": "artwork", "left": 0.521415}, {"bottom": 0.967977, "top": 0.352061, "right": 0.502001, "class": "person", "left": 0.098412}, {"bottom": 0.721711, "top": 0.458146, "right": 0.839151, "class": "person", "left": 0.700715}], "p_voice": "0"}