{"frame_id": 1752, "walking": "1", "video_id": "VID_20161007_131547_reduced", "bbs": [{"right": 0.159929, "bottom": 0.524842, "top": 0.20786, "recognized": false, "bb_big_enough": false, "class": "artwork", "left": 0.005103}, {"bottom": 0.721901, "top": 0.510197, "right": 0.55555, "class": "person", "left": 0.451854}, {"bottom": 0.773794, "top": 0.48577, "right": 0.605216, "class": "person", "left": 0.485813}], "p_voice": "0"}