{"frame_id": 1759, "walking": "1", "video_id": "VID_20161007_131547_reduced", "bbs": [{"right": 0.154539, "bottom": 0.528562, "top": 0.22237, "recognized": false, "bb_big_enough": false, "class": "artwork", "left": 0.004287}, {"bottom": 0.726887, "top": 0.519147, "right": 0.562092, "class": "person", "left": 0.459461}, {"bottom": 0.781849, "top": 0.491221, "right": 0.611168, "class": "person", "left": 0.492602}], "p_voice": "0"}