{"frame_id": 1861, "walking": "1", "video_id": "VID_20161007_131547_reduced", "bbs": [{"right": 0.715516, "bottom": 0.564314, "top": 0.356667, "recognized": false, "bb_big_enough": false, "class": "artwork", "left": 0.567227}, {"bottom": 0.814511, "top": 0.400845, "right": 0.514747, "class": "person", "left": 0.274878}, {"bottom": 0.684224, "top": 0.464746, "right": 0.823522, "class": "person", "left": 0.706292}], "p_voice": "0"}