{"frame_id": 1756, "walking": "1", "video_id": "VID_20161007_131547_reduced", "bbs": [{"right": 0.156506, "bottom": 0.529919, "top": 0.215327, "recognized": false, "bb_big_enough": false, "class": "artwork", "left": 0.004523}, {"bottom": 0.722347, "top": 0.515263, "right": 0.558928, "class": "person", "left": 0.455755}, {"bottom": 0.77463, "top": 0.492066, "right": 0.605655, "class": "person", "left": 0.4886}], "p_voice": "0"}