{"frame_id": 1919, "walking": "1", "video_id": "VID_20161007_131547_reduced", "bbs": [{"right": 0.726736, "bottom": 0.586351, "top": 0.33445, "recognized": false, "bb_big_enough": true, "class": "artwork", "left": 0.520685}, {"bottom": 0.969602, "top": 0.350917, "right": 0.494062, "class": "person", "left": 0.11013}, {"bottom": 0.711875, "top": 0.458914, "right": 0.834244, "class": "person", "left": 0.705432}], "p_voice": "0"}