{"frame_id": 124, "walking": "1", "video_id": "VID_20161007_131547_reduced", "bbs": [{"right": 0.48884, "bottom": 0.416693, "top": 0.191254, "recognized": false, "bb_big_enough": false, "class": "artwork", "left": 0.310446}, {"right": 0.716171, "bottom": 0.498433, "top": 0.211367, "recognized": false, "bb_big_enough": true, "class": "artwork", "left": 0.509463}, {"bottom": 0.502985, "top": 0.38008, "right": 0.163028, "class": "person", "left": 0.064754}, {"bottom": 0.542995, "top": 0.397304, "right": 0.205611, "class": "person", "left": 0.110486}], "p_voice": "0"}