{"frame_id": 6167, "walking": "1", "video_id": "VID_20161007_131547_reduced", "bbs": [{"bottom": 0.751498, "top": 0.492536, "right": 0.130266, "class": "person", "left": 0.029102}, {"bottom": 0.745496, "top": 0.52265, "right": 0.688622, "class": "person", "left": 0.480625}, {"bottom": 0.748208, "top": 0.545974, "right": 0.894662, "class": "person", "left": 0.755481}], "p_voice": "0"}