{"frame_id": 1859, "walking": "1", "video_id": "VID_20161007_131547_reduced", "bbs": [{"right": 0.717192, "bottom": 0.561465, "top": 0.353288, "recognized": false, "bb_big_enough": false, "class": "artwork", "left": 0.555037}, {"bottom": 0.810367, "top": 0.40766, "right": 0.530171, "class": "person", "left": 0.291828}, {"bottom": 0.686144, "top": 0.472767, "right": 0.835644, "class": "person", "left": 0.71472}], "p_voice": "0"}