{"frame_id": 1884, "walking": "1", "video_id": "VID_20161007_131547_reduced", "bbs": [{"right": 0.630925, "bottom": 0.593672, "top": 0.322597, "recognized": false, "bb_big_enough": true, "class": "artwork", "left": 0.442225}, {"right": 0.693336, "bottom": 0.592465, "top": 0.415115, "recognized": false, "bb_big_enough": false, "class": "artwork", "left": 0.582169}, {"bottom": 0.88207, "top": 0.423703, "right": 0.456103, "class": "person", "left": 0.179032}, {"bottom": 0.689297, "top": 0.494449, "right": 0.799288, "class": "person", "left": 0.700373}], "p_voice": "0"}