{"frame_id": 200, "walking": "1", "video_id": "VID_20161007_131547_reduced", "bbs": [{"artwork_id": "marzocco", "right": 0.710213, "bottom": 0.492743, "top": 0.110887, "confidence": 69, "recognized": true, "bb_big_enough": true, "class": "artwork", "left": 0.388627}, {"bottom": 0.548139, "top": 0.399082, "right": 0.130943, "class": "person", "left": 0.034603}, {"bottom": 0.561677, "top": 0.39613, "right": 0.085832, "class": "person", "left": 0.006263}, {"bottom": 0.567656, "top": 0.405584, "right": 0.271776, "class": "person", "left": 0.136936}], "p_voice": "0"}